{
  "intents": [
    {
      "intent": "LanguageIntent",
      "slots": [
        {
          "name": "myLangauge",
          "type": "LIST_OF_LANGUAGES"
        }
      ]
    },
    {
      "intent": "AgeIntent",
      "slots": [
        {
          "name": "myNumber",
          "type": "AMAZON.NUMBER"
        }
      ]
    },
    {
      "intent": "TestIntent"
    },
    {
      "intent": "AMAZON.HelpIntent"
    },
    {
      "intent": "AMAZON.StopIntent"
    },
    {
      "intent": "AMAZON.CancelIntent"
    }
  ]
}