{
  "languageModel": {
    "types": [
      {
        "name": "LIST_OF_RHYMES",
        "values": [
          {
            "id": "102",
            "name": {
              "value": "humpty dumpty",
              "synonyms": [
                "humpty",
                "dumpty",
                "Humpty Dumpty",
                "HUMPTY DUMPTY",
                "humpty Dumpty",
                "Humpty dumpty"
              ]
            }
          },
          {
            "id": "101",
            "name": {
              "value": "twinkle twinkle",
              "synonyms": [
                "Twinkle twinkle",
                "Twinkle Twinkle",
                "twinkle Twinkle",
                "twinkle twinkle",
                "Twinkle TWINKLE",
                "TWINKLE twinkle",
                "TWINKLE TWINKLE",
                "twinkle"
              ]
            }
          },
          {
            "id": "103",
            "name": {
              "value": "hello song",
              "synonyms": [
                "hello",
                "Hello"
              ]
            }
          },
          {
            "id": "104",
            "name": {
              "value": "baa baa black sheep",
              "synonyms": [
                "baa baa",
                "baa",
                "black",
                "sheep",
                "Baa Baa Black Sheep",
                "Black Sheep",
                "Sheep"
              ]
            }
          },
          {
            "id": "105",
            "name": {
              "value": "bus wheels",
              "synonyms": [
                "wheels on the bus",
                "bus",
                "wheels",
                "Wheels on the Bus"
              ]
            }
          },
          {
            "id": "106",
            "name": {
              "value": "bath song",
              "synonyms": [
                "bath",
                "Bath",
                "Bath Song"
              ]
            }
          },
          {
            "id": "107",
            "name": {
              "value": "drive car",
              "synonyms": [
                "Driving In My Car",
                "Drive Car",
                "Car",
                "Drive"
              ]
            }
          },
          {
            "id": "109",
            "name": {
              "value": "brush teeth",
              "synonyms": [
                "Brush Our Teeth",
                "brush",
                "teeth",
                "Teeth",
                "Brush"
              ]
            }
          },
          {
            "id": "110",
            "name": {
              "value": "abc song",
              "synonyms": [
                "ABC Song",
                "ABC",
                "abc"
              ]
            }
          },
          {
            "id": "108",
            "name": {
              "value": "blue whale",
              "synonyms": [
                "Blue Whale",
                "whale",
                "blue"
              ]
            }
          }
        ]
      }
    ],
    "intents": [
      {
        "name": "AMAZON.CancelIntent",
        "samples": []
      },
      {
        "name": "AMAZON.HelpIntent",
        "samples": []
      },
      {
        "name": "AMAZON.PauseIntent",
        "samples": []
      },
      {
        "name": "AMAZON.ResumeIntent",
        "samples": []
      },
      {
        "name": "AMAZON.StopIntent",
        "samples": []
      },
      {
        "name": "HumptyIntent",
        "samples": [],
        "slots": []
      },
      {
        "name": "RhymesIntent",
        "samples": [
          "{myRhymes}",
          "Lets Enjoy {myRhymes}"
        ],
        "slots": [
          {
            "name": "myRhymes",
            "type": "LIST_OF_RHYMES"
          }
        ]
      },
      {
        "name": "TwinkleIntent",
        "samples": [],
        "slots": []
      }
    ],
    "invocationName": "kids rhyme"
  }
}